Model,MAE,MSE,RMSE,R2
random_forest,17478.85251848228,891642392.6604017,29860.381656308444,0.8837543060652454
linear_regression,17991.74068624246,999376496.5682461,31612.91660964306,0.8697087360337
