Model,MAE,MSE,RMSE,R2
random_forest,17193.581824853227,750909525.8269691,27402.728437638634,0.9021020090223328
linear_regression,18171.06568644911,1024080300.5111738,32001.25467089023,0.8664880380769717
