Model,MAE,MSE,RMSE,R2
random_forest,24722.73355686969,1247481818.0268614,35319.708634512564,0.8373626121848682
linear_regression,27380.273118687997,1750184653.5327666,41835.20830033916,0.7718239607732933
